_id,OBJECTID,AGENCY_NAME,ORGANIZATION_ADDRESS,NEIGHBOURHOOD,OFFICE_PHONE,EMAIL,WEBSITE,ELIGIBILITY,DESCRIPTION_SERVICE,APPLICATION,LANGUAGES,ACCESSIBILITY,HOURS,LEGAL_STATUS,DATE_UPDATED,ADDRESS_POINT_ID,X,Y,LONGITUDE,LATITUDE,ADDRESS_FULL,MUNICIPALITY,POSTAL_CODE,geometry
1,1073,University of Toronto,"1365 Military Trail, Scarborough, ON     M1C 1A4",,416-287-7065,health-services@utsc.utoronto.ca,"<a href=""http://www.utsc.utoronto.ca/wellness"" target=""_blank"">www.utsc.utoronto.ca/wellness</a>",Students who need medical care * valid health card and student card required,"University campus integrated health service
with doctors, nurses and counsellors that provide:<br><ul><li>assess and treat minor infections and injuries</li><li>general counselling</li><li>immunization</li><li>smoking cessation program (help to quit smoking)</li><li>sexual health information and counselling</li><li>birth control counselling</li><li>Pap smears</li><li>pregnancy testing and counselling</li><li>testing for sexually transmitted infections</li><li>nutrition counselling</li><li>personal counsellors available by appointment until 7pm</li></ul><br>Service is for
registered UTSC students only.&nbsp; Not for the public.",Call or drop-in * no referral required,English,Unknown,"Mon, Wed-Fri 9am-4:45pm * Tue 10am-4:45pm",(50) Non Profit,2016-01-12T05:00:00,363859,,,,,1365 Military Trl,Scarborough,M1C 1A3,"{u'type': u'Point', u'coordinates': (-79.1820291864, 43.7833543592)}"
2,1074,Talk Shop Sexual Health Clinic,"5100 Yonge St, Lower Level, Toronto, ON     M2N 5E7",,416-338-7000,,"<a href=""http://www1.toronto.ca"" target=""_blank"">www1.toronto.ca</a>",People who need sexual health services,Sexual health clinic * health professionals test for and treat sexually transmitted infections * family planning services<br><ul><li>birth control counselling</li><li>low cost or free birth control&nbsp;</li><li>pregnancy testing and counselling</li><li>free condoms</li><li>HIV testing</li><li>sexuality and relationship counseling</li><li>emergency contraceptive pill</li></ul>,Drop-in * no referral required,English,Fully Accessible,"Mon, Thu 2pm-6:30pm * Wed 9:30am-3:30pm (closed 11am-1:30pm)",(50) Non Profit,2015-05-20T04:00:00,3841975,,,,,5100 Yonge St,North York,M2N 5V7,"{u'type': u'Point', u'coordinates': (-79.414888745, 43.7672678892)}"
3,1075,Seneca College - Newnham Campus - Student Health Centre,"1750 Finch Ave E, Toronto, ON     M2J 2X5",,416-491-5050 ext 22965,,"<a href=""http://www.senecac.on.ca/students/healthcentre.html"" target=""_blank"">www.senecac.on.ca/students/healthcentre.html</a>",Students and staff who need medical care * valid health card required,College community medical clinic * health professionals assess and treat minor infections and injuries<br><ul><li>birth control counselling</li><li>emergency birth control</li><li>pap smears</li><li>testing and treating for sexually transmitted infections</li></ul>,Call or drop-in * doctors are available only by appointment,English,,Mon-Fri 9am-4:30pm,(50) Non Profit,2015-02-25T05:00:00,515776,,,,,1750 Finch Ave E,North York,M2J 2X5,"{u'type': u'Point', u'coordinates': (-79.3489876443, 43.7957808076)}"
4,1077,Birth Control and VD Information Centre,"960 Lawrence Ave W, Ste 403, Toronto, ON     M6A 3B5","Yorkdale-Glen Park, 31",416-789-4541,info@birthcontrolvd.org,"<a href=""http://www.birthcontrolvd.org"" target=""_blank"">www.birthcontrolvd.org</a>",,"Sexual health clinic * information and counselling on birth control, sexually transmitted infections, pregnancy, unplanned pregnancy * fully equipped medical clinics -- no Ontario Health Insurance required * anonymous HIV testing, including point-of-care testing * sexually transmitted disease testing and treatment * low cost birth control * pregnancy tests, emergency contraception, condoms * community education programs, films, literature in many languages * confidential",Call for appointment,English,Wheelchair accessible - call for details ; Lot parking,"Office -- Mon-Fri 10 am-5 pm * <b>clinics</b> -- Mon 2 pm-4 pm, Tue 4 pm-6 pm, Wed 12 noon-4 pm, Thu 5 pm-7 pm, Fri 12:30 pm-3:30 pm",(50) Non Profit ; (51) Registered Charity,2016-02-11T05:00:00,5738239,,,,,960 Lawrence Ave W,North York,M6A 3B5,"{u'type': u'Point', u'coordinates': (-79.4574923099, 43.7139122517)}"
5,1078,Birthright,"777 Coxwell Ave, Toronto, ON     M4C 3C6","Danforth Village-Toronto, 66",416-469-1111,toronto@birthright.org,"<a href=""http://www.birthright.org"" target=""_blank"">www.birthright.org</a>",,Crisis pregnancy services offering assistance to distressed pregnant girls and women in carrying their babies to term * counselling and referrals * assistance in finding accommodation * free pregnancy testing * clothing for mother and baby * confidential,Call for appointment,English ; French - appointment required ; Filipino - appointment required ; Polish - appointment required ; Portuguese - appointment required ; Spanish - appointment required ; Urdu - appointment required,Wheelchair accessible - call for details ; Rear entrance close to parking,"Mon 9:30 am-4:30 pm; Tue 9:30 am-1:30 pm, 6 pm-9 pm; Wed 9:30 am-1:30 pm, 5:30 pm-8:30 pm; Thu 9:30 am-1:30 pm; Fri 5:30 pm-8:30 pm",(50) Non Profit ; (51) Registered Charity,2016-01-21T05:00:00,787730,,,,,777 Coxwell Ave,former Toronto,M4C 3C6,"{u'type': u'Point', u'coordinates': (-79.3246372946, 43.6865350163)}"
6,1079,Hassle Free Clinic,"66 Gerrard St E, Ste 200, Toronto, ON     M5B 1G3","Church-Yonge Corridor, 75",416-922-0566,admin@hasslefreeclinic.org,"<a href=""http://www.hasslefreeclinic.org"" target=""_blank"">www.hasslefreeclinic.org</a>",No restrictions,"Sexual health counselling and related medical services, including birth control, testing and treatment for sexually transmitted infections, and anonymous HIV testing and counselling * partners welcome * confidential * no Ontario Health Insurance required * schedules for women/trans and men/trans clinics differ -- see Hours above * clinic space limited<br><br> 

<b>Men/Trans-Identified clients -- drop-in</b> for sexually transmitted infection (STI) testing and treatment * Hepatitis A and B vaccinations * free condoms available * <b>by appointment</b> -- anonymous HIV testing, counselling and treatment information * sexuality and safe sex counselling * sexual assault counselling, testing and follow-up * outreach to bathhouses<br><br> 

<b>Women/Trans-Identified clients -- drop-in</b> for sexually transmitted infection testing and treatment * free condoms available * emergency contraception/Plan B  * <b>by appointment</b> -- counselling on safer sex, sexually transmitted infections (STI), birth control, sexuality and healthy relationships * pregnancy testing and counselling * abortion counselling, referral and follow-up * fertility awareness * anonymous HIV testing, counselling and treatment information * support for HIV positive women and trans people * sexual assault counselling, testing and follow-up",,English ; Chinese (Cantonese) ; Chinese (Mandarin) ; Hindi ; Italian ; Spanish ; Urdu,Wheelchair accessible via elevator at north side of building ; Barrier free examination room and washroom,"<b>Patient registration ends when all slots are filled</b>, generally early in clinic hours<br>
<br>
<b>Men/Trans-Identified</b> -- Mon, Wed 4 pm-8 pm; Tue, Thu 10 am-3 pm; Fri 4 pm-7 pm; Sat 10 am-2 pm * closed Sun and holidays<br>
<br>
<b>Women/Trans-Id",(50) Non Profit ; (51) Registered Charity,2016-02-03T05:00:00,7642009,,,,,66 Gerrard St E,former Toronto,M5B 1G3,"{u'type': u'Point', u'coordinates': (-79.3788636882, 43.6599549522)}"
7,1104,"University Health Network, Toronto Western Hospital","399 Bathurst St, West Wing, 2nd Fl, Toronto, ON     M5T 2S8","Trinity-Bellwoods, 81",416-603-5888,,"<a href=""http://www.uhn.ca"" target=""_blank"">www.uhn.ca</a>",Residents of catchment area,"Family health clinic * multidisciplinary team including doctors, nurses, nurse practitioners, social worker, pharmacists, chiropodist * prenatal, obstetrical and newborn care * family planning * sexual health",Call for appointment,English ; professional interpreters for physician-patient encounters * interpretation services 416-603-6400,Wheelchair accessible building including main entrance and barrier free washrooms * designated parking,"Mon-Tue, Thu 9 am-8 pm; Wed 1:30 pm-8;pm Fri 8:30 am-4:30 pm; Sat 9 am-12:30 pm",(50) Non Profit ; (51) Registered Charity,2014-01-31T05:00:00,9086232,,,,,399 Bathurst St,former Toronto,M5T 2S8,"{u'type': u'Point', u'coordinates': (-79.405688479, 43.6530947912)}"
8,1080,Immigrant Women's Health Centre,"489 College St, Ste 200, Toronto, ON     M6G 1A5","Palmerston-Little Italy, 80",416-323-9986,info@immigranthealth.info,"<a href=""http://www.immigranthealth.info"" target=""_blank"">www.immigranthealth.info</a>","All women * focus on immigrant and refugee women, and women without status","Sexual health care medical services, information, counselling and referral -- health education, family planning, birth control, emergency contraception, sexually transmitted diseases, pregnancy, sexuality * presentations on reproductive health, AIDS * Immigrant Women's Health Handbook available in several languages * workshops and mobile health clinic visits in locations such as factories and other workplaces, places of worship and English as a Second Language (ESL) classes * confidential * no Ontario Health Insurance required",Walk in,English ; Chinese (Cantonese) ; Chinese (Mandarin) ; Filipino ; Hindi ; Italian ; Portuguese ; Spanish ; Urdu ; Vietnamese,"Wheelchair accessible automatic main entrance ; Elevator with braille and voice/tone features - lowered buttons ; Wheelchair accessible washroom, assistance needed with door ; Street parking","Mon-Fri 9 am-5 pm * health clinic Mon-Tue 10 am-6 pm, Wed 2 pm-8 pm, Thu 10 am-2 pm",(50) Non Profit,2014-05-16T04:00:00,7577058,,,,,489 College St,former Toronto,M6G 1A5,"{u'type': u'Point', u'coordinates': (-79.4092321789, 43.6558610486)}"
9,1081,Women's College Hospital,"76 Grenville St, 3rd Fl, Toronto, ON     M5S 1B2","Bay Street Corridor, 76",416-323-6031,,"<a href=""http://www.womenscollegehospital.ca/programs-and-services/crossroads-clinic"" target=""_blank"">www.womenscollegehospital.ca/programs-and-services/crossroads-clinic</a>",Newly arrived refugees of all ages,"Diagnosis and management of acute medical issues * annual health exams * management of chronic diseases * full primary care for children including immunizations * pregnancy care * family planning advice * health education<br><br>
<a href=""http://www.womenscollegehospital.ca/programs-and-services/crossroads-clinic/Syrian-Refugee-Medical-Clinic"">Temporary clinic</a>
for newly arrived Syrian refugees -- call 416-323-6400 ext 5905 for an appointment",Call for an appointment,English ; Interpretive Services,"Wheelchair accessible building including main entrance and barrier free washrooms * access ramps at front and emergency entrances * braille and tone elevator, lowered buttons",Mon-Fri 8 am-4 pm,(50) Non Profit,2015-11-26T05:00:00,7762671,,,,,76 Grenville St,former Toronto,M5S 1B2,"{u'type': u'Point', u'coordinates': (-79.38737538, 43.6615085917)}"
10,1082,Unison Health and Community Services,"12 Flemington Rd, Toronto, ON     M6A 2N4","Englemount-Lawrence, 32",416-787-1661,,"<a href=""http://www.unisonhcs.org"" target=""_blank"">www.unisonhcs.org</a>","Health Services -- open to all within catchment area * Toronto Public Health dental clinic -- children, adolescents, parents enrolled in select Toronto Public Health programs and seniors","Community health centre * health services, health promotion, community services and community development * legal clinic * no Ontario Health Insurance required for general services 
<br><br>
<b>Health Services</b> -- family practice including crisis pregnancy, family planning, management of chronic conditions, prenatal and postnatal care, preventative health care, seniors health, sexual health --  individual and sexuality counselling,  treatment of sexually transmitted diseases * counselling and case management * dietitian * podiatry clinic
<br><br>
<b>Health Promotion</b> -- anonymous HIV testing * breastfeeding clinic * child and parenting programs * Diabetes Education Program * Diabetes Prevention Program * harm reduction programs * Toronto Public Health dental clinic * youth programs
<br><br>
<b>Pathways to Education</b> 416-787-6800 -- academic and financial support for high school students * located at Lawrence Square 700 Lawrence Ave W, Ste 440B, Toronto M6A 3B4
<br><br>
<b>Unison Links</b> 416-787-1676 ext 275 -- drop-in information and referral centre * Monday, Tuesday 9:30 am-12:30 pm, 1:30 pm-4:30 pm; Wednesday 9:30-12 noon, 1 pm-2:30 pm * form filling * help with accessing government and community programs * information on services at Unison and other agencies * internet access for searching community, social, health and related government services",,"English ; interpreters for Italian, Portuguese, Russian, Somali, Spanish * other languages available with 24 hour notice",Designated parking at entrance ; Wheelchair accessible automatic main entrance ; Easy access to elevator ; Barrier-free washroom including door and stall ; Elevator with braille,"Mon-Thu 8:30 am-8:30 pm, Fri 8:30 am-5 pm",(50) Non Profit ; (51) Registered Charity,2015-10-22T04:00:00,7062867,,,,,12 Flemington Rd,North York,M6A 2N4,"{u'type': u'Point', u'coordinates': (-79.4449552874, 43.7195242798)}"
11,1083,Morgentaler Clinic,"727 Hillsdale Ave E, Toronto, ON     M4S 1V4","Mount Pleasant East, 99",416-932-0446,mclinic@passport.ca,"<a href=""http://www.morgentaler.ca"" target=""_blank"">www.morgentaler.ca</a>",,Abortions up to 19 weeks gestation * 24 hour emergency service for clients who have had a recent abortion * taped information Monday-Sunday 24 hours,"Call for appointment only after positive pregnancy test obtained through pharmacy, doctor, medical clinic or home pregnancy test",English ; American Sign Language (ASL) ; Filipino ; Italian ; interpreters available for over 60 languages,"Wheelchair accessible building, but call ahead to make arrangements * street parking","Mon-Wed 9 am-6 pm, Thu 9 am-7 pm, Fri 9 am-6 pm, Sat 9 am-4 pm * after hours -- emergency calls returned within one hour",(50) Non Profit,2015-03-13T04:00:00,7368583,,,,,727 Hillsdale Ave E,former Toronto,M4S 1V4,"{u'type': u'Point', u'coordinates': (-79.3763846027, 43.707603996)}"
12,1084,Women's Care Abortion Clinic Toronto,"960 Lawrence Ave W, Toronto, ON     M6A 3B5","Yorkdale-Glen Park, 31",416-256-7149 ; 416-256-4139,info@womenscareclinic.ca,"<a href=""http://www.AbortionToronto.com"" target=""_blank"">www.AbortionToronto.com</a>",Women of all ages,Abortion services from 4-20 weeks gestation * pre-abortion and birth control counselling for patients * all female staff * parental consent not required,Call for appointment * no referral required,English ; Chinese (Cantonese) ; Chinese (Mandarin) ; Farsi ; Romanian ; Serbian ; Spanish,Wheelchair accessible -- call for details,Mon-Sat 9 am-5 pm,(50) Non Profit,2015-07-03T04:00:00,5738239,,,,,960 Lawrence Ave W,North York,M6A 3B5,"{u'type': u'Point', u'coordinates': (-79.4574923099, 43.7139122517)}"
13,1105,Women's College Hospital,"76 Grenville St, 3rd Fl, Toronto, ON     M5S 1B2","Bay Street Corridor, 76",416-351-3700,bcbc@wchospital.ca,"<a href=""http://www.womenscollegehospital.ca/programs-and-services/bcbc/"" target=""_blank"">www.womenscollegehospital.ca/programs-and-services/bcbc/</a>",Women,"Birth control * pregnancy testing, counselling and referrals * abortion information, counselling and referrals * Pap tests * testing and treatment for sexually transmitted infections * anonymous HIV tests * HIV information and treatment referrals * Hepatitis B vaccination * safer sex counselling and information",Appointments preferred * drop ins accommodated if possible * no referral required,English ; printed material available in several languages,Wheelchair accessible building including main entrance and barrier free washrooms,"Mon, Fri 9 am-5 pm; Tue-Thu 9 am-8 pm",(50) Non Profit,2015-11-27T05:00:00,7762671,,,,,76 Grenville St,former Toronto,M5S 1B2,"{u'type': u'Point', u'coordinates': (-79.38737538, 43.6615085917)}"
14,1085,Cabbagetown Women's Clinic,"302 Gerrard St E, Toronto, ON     M5A 2G7","Moss Park, 73",416-323-0642,,"<a href=""http://cabbagetownwomensclinic.com"" target=""_blank"">cabbagetownwomensclinic.com</a>",,Abortion services from 5-23 weeks gestation * pre-abortion counselling * follow-up care,Call for information or to book appointment,English ; Chinese (Mandarin) ; Filipino ; Italian ; Romanian,Wheelchair accessible via rear entrance and barrier free washrooms,Office -- Mon-Fri 8 am-4 pm * telephone -- Mon-Sun 8 am-8 pm,(50) Non Profit,2014-04-16T04:00:00,4907661,,,,,302 Gerrard St E,former Toronto,M5A 2G7,"{u'type': u'Point', u'coordinates': (-79.3664597598, 43.6623175616)}"
15,1086,Planned Parenthood Toronto,"36B Prince Arthur Ave, Toronto, ON     M5R 1A9","Annex, 95",416-961-0113,ppt@ppt.on.ca,"<a href=""http://www.ppt.on.ca"" target=""_blank"">www.ppt.on.ca</a>",Youth 13-29 years,"Information on sexual and reproductive health issues, including birth control, relationships, pregnancy options, sexually transmitted infections, HIV/AIDS, safer sex * educational materials * training for service providers * speakers * volunteer opportunities","Call, email, text, visit website or drop in",English ; Interpretive services available on request,Not Accessible,"Mon-Tue 1 pm-7:30 pm; Wed 4 pm-7:30 pm, Thu 1 pm-7:30 pm, Fri 1 pm-4 pm, Sat 10 am-2 pm (sexual health matters only)",(50) Non Profit ; (51) Registered Charity,2016-02-03T05:00:00,7974536,,,,,36B Prince Arthur Ave,former Toronto,M5R 1A9,"{u'type': u'Point', u'coordinates': (-79.3974745489, 43.6695926725)}"
16,1087,Access Alliance Multicultural Health and Community Services,"3079 Danforth Ave, Toronto, ON     M1L 1A8","Oakridge, 121",416-693-8677,mail@accessalliance.ca,"<a href=""http://www.accessalliance.ca"" target=""_blank"">www.accessalliance.ca</a>",Newcomer immigrants and refugees,"Health and community services<br><br>

<b>Health services</b> -- primary health care services * assessment, medical treatment * prenatal and postnatal care * immunization * diabetes * illness and disease prevention * sexual health and health education * nutrition * individual, marital, family and mental health counselling * no Ontario Health Insurance required for primary care and most specialists * <b>SHY Clinic</b>, Sexually Healthy Youth -- for ages 13-24 years * pregnancy testing and counselling * STI (sexually transmitted infections) testing and free treatment * low cost birth control * non-judgemental, confidential
<br><br>

<b>Community services</b> -- focus on newcomers, women, families with children birth-6 years * peer outreach and support * parenting and parent-child groups * prenatal nutrition and support * food skills groups * health education * lesbian, gay, bisexual, trans and queer (LGBTQ) services * expressive arts * environmental awareness * research and advocacy on newcomer, immigrant and refugee issues<br><br>

<b>Youth services</b> -- drop-in programs * settlement * out of school programs * <b>Community Connections Mentorship Program </b>(formerly HOST) -- group orientation activities for newly arrived immigrant and refugee youth * trained volunteer mentors * help in establishing social and professional networks * development of citizenship and civic engagement * skills and career development<br><br>

<b>Settlement Program</b> -- orientation * needs and eligibility assessments * information and referral * language and skills training * job search and employment counselling * networking * youth settlement * LGBTQ settlement * services in various locations<br><br>

<b>Newcomer Resource Centre</b> -- information and referral to community and government services * access to computers, Internet, photocopier, fax and telephone","Health services -- referral by community agency or self referral * Community, settlement and youth services -- most programs require an appointment, call for details",English ; interpreters available for other languages,Wheelchair accessible building including main entrance and barrier free washrooms,"Mon-Tue, Thu 9 am-8 pm; Wed 1 pm-5 pm; Fri 9 am-5 pm",(50) Non Profit ; (51) Registered Charity,2014-06-12T04:00:00,8237409,,,,,3079 Danforth Ave,Scarborough,M1L 1A8,"{u'type': u'Point', u'coordinates': (-79.2873721731, 43.6911775255)}"
17,1089,Choice in Health Clinic,"1678 Bloor St W, Ste 301, Toronto, ON     M6P 1A9","High Park North, 88",416-975-9300,,"<a href=""http://www.choiceinhealth.ca"" target=""_blank"">www.choiceinhealth.ca</a>",,"<b>Abortions </b>-- surgical abortions up to 15 weeks gestation * medication abortions up to 7 weeks gestation * parental consent not required for minors * all female doctors<br><br>
Pre- and post-abortion counselling * pregnancy testing * post-abortion checkup * birth control counselling * contraceptives * sexually transmitted infections testing and treatment for abortion clients * public education and workshops",<b>Call for appointment</b>,English ; interpreters can be arranged for other languages,Wheelchair accessible -- call for details,"Mon-Wed 9 am-4:45 pm, Thu 9 am-7:45 pm, Fri 9 am-12:45 pm * hours may vary, call for details * after hours -- 24 hour recorded information on abortion services",(50) Non Profit,2014-05-16T04:00:00,9668114,,,,,1678 Bloor St W,former Toronto,M6P 1A9,"{u'type': u'Point', u'coordinates': (-79.4578309939, 43.6554426324)}"
18,1090,Women's College Hospital,"76 Grenville St, Toronto, ON     M5S 1B2","Bay Street Corridor, 76",Switchboard 416-323-6400 * Patient Inquiry 416-323-6100,info@wchospital.ca,"<a href=""http://www.womenscollegehospital.ca"" target=""_blank"">www.womenscollegehospital.ca</a>",Most programs treat men as well as women,"Ambulatory care hospital with a focus on women's health<br><br>
Breastfeeding support * childbirth education classes * foot care clinic * Ontario Breast Screening Program * women's mental health programs<br><br>
<b>Sexual Assault and Domestic Violence Care Centre</b> 416-323-6040 -- entrance on Grosvenor St west of Bay St * Monday-Sunday 24 hours * women, men and trans people * medical assessment and treatment * collection of medical and legal evidence at request of client * psychological and social support * follow-up services * safety planning<br><br>
<b>WISE program</b> -- assessment and consultation for seniors living in the community<br><br>
<a href=""http://www.womenshealthmatters.ca""> Women's Health Matters</a> -- online resource on women's health",Physician referral required for most programs,English ; interpreters for many other languages,"Wheelchair accessible building including main entrance and barrier free washrooms * access ramps at front and emergency entrances * braille and tone elevator, lowered buttons",Mon-Fri 6 am-7 pm * Sexual Assault and Domestic Violence Care Centre -- Mon-Sun 24 hours,(50) Non Profit,2015-12-02T05:00:00,7762671,,,,,76 Grenville St,former Toronto,M5S 1B2,"{u'type': u'Point', u'coordinates': (-79.38737538, 43.6615085917)}"
19,1091,Unison Health and Community Services,"1651 Keele St, Toronto, ON     M6M 3W2","Keelesdale-Eglinton West, 110",416-653-5400,,"<a href=""http://www.unisonhcs.org"" target=""_blank"">www.unisonhcs.org</a>","Health Services -- open to all within catchment area * Toronto Public Health dental clinic -- children, adolescents, parents enrolled in select Toronto Public Health programs and seniors","Community health centre * health services, health promotion, community services and community development * no Ontario Health Insurance required for general services 
<br><br>	
<b>Health Services</b> -- family practice including crisis pregnancy, family planning, management of chronic conditions, prenatal and postnatal care, preventative health care, seniors health, sexual health --  individual and sexuality counselling,  treatment of sexually transmitted diseases * counselling and case management * dietitian * podiatry clinic
<br><br>
<b>Health Promotion</b> -- anonymous HIV testing * breastfeeding clinic * child and parenting programs, including Spanish-speaking groups * Diabetes Education Centre * harm reduction programs * seniors programs * Toronto Public Health dental clinic * womens programs, including Vietnamese support group * youth programs
<br><br>
<b>Community Services</b> -- Adult Protective Service program for adults with developmental disabilities * community kitchen * form filling * ID clinic * income tax clinic * legal clinic * Snow Link -- snow clearing registry 
<br><br>
<b> Housing Help Centre </b> -- client advocacy * crisis referral to shelters * eviction prevention * housing search * information and referral * landlord outreach * negotiation with landlords * Share the Warmth * Housing Connections Access centre * other <b>Home Services</b> -- rent bank and Streets to Homes Follow-up services
<br><br>
<b>Unison Links</b> -- drop-in information and referral centre * Monday-Tuesday 10 am-12 noon, 1 pm-3:30 pm; Wednesday 1 pm-3:30 pm,Thursday 10 am-12 noon, 1 pm-3:30 pm * form filling * help with accessing government and community programs * information on services at Unison and other agencies * internet access for searching community, social, health and related government services
<br><br>
Access centre for <b>LEAP (Low Income Energy Assistance Program)</b>, sponsored by Toronto Hydro Electric System and United Way Toronto -- assistance to low income individuals and families who are in arrears for their electricity utility bills and have exhausted all other sources of financial support * <b>for help with Enbridge gas bills call 1-855-487-5327</b>",Appointment required for most services,English ; Portuguese ; Spanish ; Vietnamese,Designated parking at entrance ; Wheelchair accessible automatic main entrance ; Easy access to elevator ; Elevator with braille and voice/tone features ; Barrier-free washroom including door and stall ; Elevator with braille,"Mon 8:30 am-5 pm, Tue-Thu 8:30 am-8:30 pm, Fri 8:30 am-5 pm * after hours -- answering service * doctor on call for registered clients with medical emergencies, calls returned within one hour",(50) Non Profit ; (51) Registered Charity,2015-07-17T04:00:00,65007,,,,,1651 Keele St,York,M6M 3W2,"{u'type': u'Point', u'coordinates': (-79.4718438545, 43.6834830376)}"
20,1092,Scott Clinic,"157 Gerrard St E, Toronto, ON     M5A 2E4","Moss Park, 73",416-962-5771,,"<a href=""http://www.scottclinic.ca"" target=""_blank"">www.scottclinic.ca</a>",,"Abortions up to 16 weeks gestation * taped information and instructions on factors to consider, procedures, services, fees <b>416-962-4108</b>",Call for appointment,English ; French ; Chinese (Cantonese) ; Filipino ; Italian ; Russian,Not Accessible,Mon-Fri 9 am-5 pm * after hours -- answering service for emergency calls from active patients,(50) Non Profit,2014-06-19T04:00:00,808284,,,,,157 Gerrard St E,former Toronto,M5A 2E4,"{u'type': u'Point', u'coordinates': (-79.3743007636, 43.660500323)}"
21,1093,Access Alliance Multicultural Health and Community Services,"761 Jane St, 2nd Fl, Ste 200B, Toronto, ON     M6N 4C4","Rockcliffe-Smythe, 111",416-760-8677,mail@accessalliance.ca,"<a href=""http://www.accessalliance.ca"" target=""_blank"">www.accessalliance.ca</a>",Newcomer immigrants and refugees,"Health and community services<br><br>

<b>Health services </b>-- primary health care services * assessment, medical treatment * prenatal and postnatal care * immunization * diabetes * illness and disease prevention * sexual health and health education * nutrition * individual, marital, family and mental health counselling * no Ontario Health Insurance required for primary care and most specialists<br><br>

<b>Community services </b>-- focus on newcomers, women, families with children birth-6 years * peer outreach and support * parenting and parent-child groups * prenatal nutrition and support * food skills groups * health education * lesbian, gay, bisexual, trans and queer (LGBTQ) services * expressive arts * research and advocacy on newcomer, immigrant and refugee issues<br><br>

<b>Youth services </b>-- drop-in programs * settlement * out of school programs * <b>Community Connections Mentorship Program </b>(formerly HOST) -- group orientation activities for newly arrived immigrant and refugee youth * trained volunteer mentors * help in establishing social and professional networks * development of citizenship and civic engagement * skills and career development <br><br>

<b>Settlement Program </b>-- orientation * needs and eligibility assessments * information and referral * language and skills training * job search and employment counselling * networking * youth settlement * LGBTQ settlement * services in various locations","Health services -- referral by community agency or self referral * Community, settlement and youth services -- most programs require an appointment, call for details",English ; interpreters available for other languages,Wheelchair accessible building including main entrance and barrier free washrooms,"Mon-Tue, Thu 9 am-8 pm; Wed 1 pm-5 pm; Fri 9 am-5 pm",(50) Non Profit ; (51) Registered Charity,2014-06-12T04:00:00,9531709,,,,,761 Jane St,York,M6N 4B4,"{u'type': u'Point', u'coordinates': (-79.4933591161, 43.6715505191)}"
22,1094,TAIBU Community Health Centre,"27 Tapscott Rd, Unit 1, Toronto, ON     M1B 4Y7","Malvern, 132",Clinic 416-644-3536 ; Community Programs and Administration 416-644-3539,info@taibuchc.com,"<a href=""http://www.taibuchc.com"" target=""_blank"">www.taibuchc.com</a>",Open to the Black community throughout the Greater Toronto Area * also all residents of the catchment area,"Community health centre * primary health care * social worker/therapist * dietitian * Toronto Public Health dental clinic for children, youth, seniors and perinatal women * prenatal and postnatal care * early years programs * chronic disease management * sexual health clinic * community programs -- health promotion, community development, community kitchen * no Ontario Health Insurance required for general services",,English ; other languages may be available,Wheelchair accessible building including main entrance and barrier free washrooms,"Clinic -- Mon, Wed, Fri 9 am-5 pm * Tue, Thu 9 am-8 pm * administration -- Mon-Fri 9 am-5 pm",(50) Non Profit,2015-09-17T04:00:00,30000037,,,,,27 Tapscott Rd,Scarborough,M1B 4Y7,"{u'type': u'Point', u'coordinates': (-79.2216573889, 43.8067026917)}"
23,1095,Planned Parenthood Toronto,"36B Prince Arthur Ave, Toronto, ON     M5R 1A9","Annex, 95",416-961-0113,ppt@ppt.on.ca,"<a href=""http://www.ppt.on.ca"" target=""_blank"">www.ppt.on.ca</a>",Youth 13-29 years,"Community health centre -- primary health, sexual and reproductive health, and mental health care * drop-in clinic * telephone access to physician or nurse practitioner * birth control counselling * emergency contraception * birth control and prescriptions at reduced price * free condoms * pregnancy testing and counselling, including pregnancy options * prenatal care * sexually transmitted infections testing and treatment * anonymous HIV testing * mental health case coordination * individual and group counselling * no Ontario Health Insurance required for general services<br><br>

Also information and referral including assistance finding food, housing, employment and legal aid * assistance obtaining health card * translation and interpretation by appointment",Call or visit * no referral required,English ; Interpretation available by appointment,Not Accessible - office ; Outreach programs accessible - call for details,"<b>Primary health clinic</b> -- Mon-Tue 9:30 am-8 pm; Wed 9:30 am-12 noon, 4 pm-8 pm; Thu 9:30 am-8 pm; Fri 9:30 am-4 pm * by appointment only -- call after 9:30 am for same day appointments * Sat 10 am-2 pm -- drop-in for sexual health matters only on a",(50) Non Profit ; (51) Registered Charity,2015-07-31T04:00:00,7974536,,,,,36B Prince Arthur Ave,former Toronto,M5R 1A9,"{u'type': u'Point', u'coordinates': (-79.3974745489, 43.6695926725)}"
24,1106,Scarborough Hospital,"3030 Birchmount Rd, Toronto, ON     M1W 3W3","L'Amoreaux, 117",416-495-2555,,"<a href=""http://www.tsh.to/areas-of-care/emergency/sexual-assault-and-domestic-violence/"" target=""_blank"">www.tsh.to/areas-of-care/emergency/sexual-assault-and-domestic-violence/</a>","Female, male and transgendered individuals 12 years and older, who have been sexually assaulted or have experienced intimate partner violence","24-hour emergency care * medical assessment and treatment * crisis intervention * forensic documentation and evidence collection * risk assessment * safety planning * referral to community resources<br><br>

Follow up counselling services provided at Scarborough Centre for Healthy Communities, 416-847-4144 -- see separate entry",By referral from the Emergency Department at either General or Birchmount campus -- see separate listings,English ; Interpretive services,Wheelchair accessible building including main entrance and barrier free washrooms * braille and tone elevator with lowered buttons * designated parking,Emergencies -- Mon-Sun 24 hours * office -- Mon-Fri 9 am-5 pm,(50) Non Profit,2016-01-05T05:00:00,4616608,,,,,3030 Birchmount Rd,Scarborough,M1W 3W3,"{u'type': u'Point', u'coordinates': (-79.3090539579, 43.8018913558)}"
25,1097,Rexdale Community Health Centre,"8 Taber Rd, Toronto, ON     M9W 3A4","West Humber-Clairville, 1",416-744-0066,reception@rexdalechc.com,"<a href=""http://www.rexdalechc.com"" target=""_blank"">www.rexdalechc.com</a>",Varies by program,"Primary health care provided by doctors and nurse practitioners * counselling and case management * dental clinic for children and seniors * diabetes education centre * drop-in social program for deaf and hard of hearing adults * flu shots * foot care * health promotion * information and referral to services in the community * leadership programs for children and youth * nutrition * physiotherapy * seniors social and health promotion programs * sexual health clinic, including HIV testing * speech and language * well woman clinic * no Ontario Health Insurance required for general services<br><br>
<b>Good Food Box </b>distribution -- see separate entry FoodShare<br><br>
<b>Pathways to Education </b>-- academic and financial support for high school students<br><br>
Some services provided at satellite locations at 609 The East Mall, Unit 32, 2267 Islington Ave and Rexdale Community Hub, 21 Panorama Court -- call for details",,English ; diabetes education program offered in several languages * cultural interpreters available for other languages,Designated parking at entrance ; Wheelchair accessible automatic main entrance ; Easy access to elevator ; Barrier-free washroom including door and stall ; Dedicated accessible washroom with all features,"Mon, Wed 8:30 am-8 pm; Tue, Thu-Fri 8:30 am-5 pm; Sat 9 am-2 pm",(50) Non Profit ; (51) Registered Charity,2014-04-03T04:00:00,1035756,,,,,8 Taber Rd,Etobicoke,M9W 3A4,"{u'type': u'Point', u'coordinates': (-79.572090762, 43.7193125599)}"
26,1098,Yonge Street Mission,"381 Yonge St, Toronto, ON     M5B 1S1","Church-Yonge Corridor, 75",416-929-9614 ext 2238,healthcentre@ysm.ca,"<a href=""http://www.ysm.ca"" target=""_blank"">www.ysm.ca</a>","Street involved and homeless youth only * 24 years and under (no minimum age) * also children, infants of street youth","Health services including primary medical care and dental care, check ups, lab tests, including HIV testing * birth control, pregnancy tests, immunization, prenatal care, perinatal services, prenatal and parenting classes * dental care * optometry, eye glasses * chiropractor * nutritionist * physiotherapist * psychiatrist * addictions counselling * traditional Chinese medicine * foot care, socks and shoes * health education * counselling on health issues * referrals * ID replacement * access to diapers, formula, baby food * no Ontario Health Insurance or identification required * child care available","Walk in only, no appointments",English,"Wheelchair accessible main entrance and ground floor, assistance needed with door ; Barrier-free washroom",Health Centre -- Mon-Fri 1 pm-4:30 pm * office -- Mon-Fri 9 am-5 pm,(50) Non Profit ; (51) Registered Charity,2014-08-15T04:00:00,7730095,,,,,381 Yonge St,former Toronto,M5B 1S1,"{u'type': u'Point', u'coordinates': (-79.3815692219, 43.6587484653)}"
27,1099,LAMP Community Health Centre,"185 Fifth St, Toronto, ON     M8V 2Z5","New Toronto, 18",416-252-6475,frontdesk@lampchc.org,"<a href=""http://www.lampchc.org"" target=""_blank"">www.lampchc.org</a>",Residents of catchment area,"Primary health care services * health education and disease prevention * family physicians, nurse practitioners * doctor on call 24 hours * no Ontario Health Insurance required for general services * Healthy Sex Clinic (family planning) Mon 2 pm-7:30 pm * Naturopathy Clinic Thu 1:45 pm-6:45 pm ; 416-252-9701 ext 295 * Asthma Project <br><br>

<b>Dental Clinic -- 416-252-8576</b> ; Tue, Thu-Fri 8 am-4 pm * free dental care for eligible client * operated by Toronto Public Health <br><br>

<b>Foot Care (Chiropody) 416-252-6471 ext 264</b> ; Mon-Thu <br><br>

<b>Nutrition Counselling and Services 416-252-9701 ext 271</b> * individual counseling (Clinical Days) * nutrition supports for other programs (Community Days) <br><br> 

<b>West Toronto Diabetes Education Program (WTDEP) 416-252-1928</b> -- for people with Type 2 diabetes, prediabetes or at risk and interested in prevention education, counselling and support * one on one assessment, monitoring, and counselling by nurse educators and registered dietitians in many locations -- no referral required","<b>Primary Health Care</b> -- Call to check if accepting new patients
<b>Asthma Project</b>  by referral only
<b>Dental clinic</b>  by appointment only
<b>Chiropody (Foot Care)</b>  by appointment only",English,Designated parking at entrance ; Wheelchair accessible automatic main entrance ; Elevator with braille and voice/tone features ; Barrier-free washroom including door and stall,"Mon-Wed 9 am-8 pm, Thu-Fri 9 am-5 pm * after hours, answering service relays message 24 hours * health care providers on call for registered clients with medical emergencies",(50) Non Profit ; (51) Registered Charity,2015-09-08T04:00:00,1001336,,,,,185 Fifth St,Etobicoke,M8V 2Z5,"{u'type': u'Point', u'coordinates': (-79.5034306602, 43.6035647286)}"
28,1100,Anne Johnston Health Station,"2398 Yonge St, Toronto, ON     M4P 2H4","Yonge-Eglinton, 100",416-486-8666,info@ajhs.ca,"<a href=""http://www.ajhs.ca"" target=""_blank"">www.ajhs.ca</a>","Youth 13-26 years who live, work or attend school in catchment area * seniors 55 years and older who live in catchment area * people with physical disabilities who live in the City of Toronto","Community health centre with focus on youth, seniors and persons with physical disabilities * in-home primary medical care for seniors, including occupational therapy, medication reviews, home safety assessment * foot care * nutrition counselling * clinic for youth 13-26 years including birth control, sexuality, testing for sexually transmitted diseases and HIV * <b>Barrier Free Health Zone</b> -- primary medical care for persons 18 years and older with physical disabilities * health education promotion, seminars and workshops * referrals to health and social services * resource centre * no Ontario Health Insurance required for general services<br> <br> 

<b>Adult day program</b> -- for frail elderly and those with Alzheimer Disease * call to apply * transportation available * partnership with SPRINT<br> <br> 

<b>Toronto Diabetes Prevention Program</b> 416-486-8666 ext 299 -- nutrition counselling * individual and group counselling * foot care * home visits * community outreach * workshops <br><br>

<b>SexAbility</b> -- sexual health information in person and by phone for youth and young adults 14-29 years with mobility disabilities * peer counselling * workshops, presentations, social events * call for appointment",,English ; Arabic ; Portuguese ; Turkish ; interpreters may be arranged for other languages,"Wheelchair accessible automatic main entrance ; Elevator with braille and voice/tone features - lowered buttons ; Barrier-free washroom including door and stall ; Street parking, covered drive through drop off","Mon-Tue, Thu-Fri 8:30 am-5 pm; Wed 8:30 am-7 pm; Sat 11:30 am-4 pm",(50) Non Profit ; (51) Registered Charity,2015-02-12T05:00:00,8540543,,,,,2398 Yonge St,former Toronto,M4P 2H4,"{u'type': u'Point', u'coordinates': (-79.3994595904, 43.7097051042)}"
29,1101,Toronto Public Health,"277 Victoria St, 5th Fl, Toronto, ON     M5B 1W2","Church-Yonge Corridor, 75",Toronto Health Connection 416-338-7600 ; After hours emergency 311 (outside city limits 416-392-2489),publichealth@toronto.ca,"<a href=""http://www.toronto.ca/health"" target=""_blank"">www.toronto.ca/health</a>",Varies by program,"Health promotion, health protection and disease prevention programs and services<br><br>
Air quality health index * beaches water quality * communicable disease control * DineSafe inspections of establishments that prepare and serve food, including restaurants, day care centres and nursing homes * emergency planning and preparedness * extreme heat/cold alerts * food handler certification program * health status reports * immunization * prenatal and parenting programs * Toronto Preschool Speech and Language Services -- see separate entry<br><br>
<b>Healthy Babies Healthy Children </b>-- home visiting program for pregnant women and parents of children birth-3 years<br><br>
<b>Dental services </b>-- free <a href="" http://www.toronto.ca/health/dental/locations.htm ""> dental clinics </a>
for eligible children and youth birth-17 years, adults enrolled in selected Toronto Public Health programs, and seniors 65 years and older * mobile dental clinic travels to selected community agencies -- call 311 for details * website lists <a href="" http://www1.toronto.ca/wps/portal/contentonly?vgnextoid=8c1b7dbbfd510410VgnVCM10000071d60f89RCRD&vgnextchannel=51b74485d1210410VgnVCM10000071d60f89RCRD&vgnextfmt=default""> low-cost dental clinics </a>
for those not eligible for free services<br><br>
<a href="" http://www1.toronto.ca/wps/portal/contentonly?vgnextoid=442a9561d1352410VgnVCM10000071d60f89RCRD&vgnextfmt=default"">eCounselling</a>
-- online counselling with a public health nurse or dietician<br><br><a href=""http://www1.toronto.ca/wps/portal/contentonly?vgnextoid=7a9eebfc2bb31410VgnVCM10000071d60f89RCRD"">Online information </a>
-- alcohol and drug abuse * bed bugs * environmental health * food safety * healthy child development * healthy living * injury prevention * mental health * nutrition * smoking cessation * workplace health<br><br>
Helplines:<br><br>
<b>AIDS & Sexual Health Infoline </b>416-392-2437 (416-392-AIDS)<br><br>
<b>Immunization Information Line </b>416-392-1250<br><br>
<b>The Works </b>-- methadone clinic and needle exchange 416-392-0520, or if busy 416-392-0521",,English,Wheelchair accessible building including main entrance and barrier free washrooms,Mon-Fri 8:30 am-4:30 pm,(20) Regional Government,2014-05-29T04:00:00,7642554,,,,,277 Victoria St,former Toronto,M5B 1W2,"{u'type': u'Point', u'coordinates': (-79.3793385702, 43.6565589128)}"
30,1107,Planned Parenthood Toronto,"Bay Centre for Birth Control, 790 Bay St, 8th Fl, Toronto, ON     M5G 1N8","Bay Street Corridor, 76",416-351-3700,,"<a href=""http://www.ppt.on.ca"" target=""_blank"">www.ppt.on.ca</a>",,"<b>Peer-to-peer education</b> -- in-person information on sexual and reproductive health issues including birth control options, emergency contraception, fertility awareness, pregnancy options including abortion, healthy sexuality and relationships, sexually transmitted infections, HIV/AIDS, safer sex practices * free condoms * provided by trained volunteers * call for appointment<br><br>

<b>Check IT Out, www.check-it-out.ca</b> -- drop-in program providing pap tests only * for lesbian, bisexual, queer or gay women, and any other women who have sex with women * no appointment necessary * no Ontario Health Insurance required * female clinicians * online information on pap tests, human papillomavirus (HPV), cervical cancer<br><br>

Also Mobile Health Unit (MHU) and sexual health workshops provided to women's shelters",,English,Wheelchair accessible automatic main entrance ; Easy access to elevator ; Barrier-free washroom including door and stall ; Underground parking,"Peer-to-peer education -- Tue-Thu 5 pm-8 pm, Sat 9:30 am-12:30 pm * Check It Out -- Wed 4 pm-7:30 pm",(50) Non Profit ; (51) Registered Charity,2014-06-27T04:00:00,7792587,,,,,790 Bay St,former Toronto,M5G 1N8,"{u'type': u'Point', u'coordinates': (-79.3861750845, 43.6604459644)}"
31,1109,Crossways Sexual Health Clinic,"2340 Dundas St W, Toronto, ON     M6P 4A9",,416-392-0999,,"<a href=""http://"" target=""_blank""></a>",People who need sexual health services,Sexual health clinic * health professionals test for and treat sexually transmitted infections * family planning services<br><ul><li>birth control counselling</li><li>low-cost or free birth control</li><li>emergency birth control</li><li>pregnancy testing and counselling</li><li>sexual health information and counselling</li><li>sexuality and relationship counselling</li><li>Pap smears</li><li>breast exams</li><li>rapid HIV testing</li></ul>,Call or drop-in * no referral required,English,Fully Accessible,"Mon 9:30am-12noon, 2pm-6:30pm * Tue 1pm-5:30pm * Wed 9:30am-11:30am, 1pm-3:30pm * Thu 12noon-4pm * Fri 9:30am-12noon",(50) Non Profit,2015-07-21T04:00:00,9638447,,,,,2340 Dundas St W,former Toronto,M6P 4A9,"{u'type': u'Point', u'coordinates': (-79.4522693315, 43.656715271)}"
32,1110,Bloor West Village Women's Clinic,"2425 Bloor St W, Ste 403, Toronto, ON     M6S 4W4",,416-849-4595,,"<a href=""http://"" target=""_blank""></a>",No restrictions,"Abortion services up to 14 weeks gestation * pre-abortion and birth control counselling, and follow-up * all female staff * parental consent not required",Call for information or to make an appointment,English,Fully Accessible,"Mon-Wed, Fri-Sat 9 am-6 pm * walk-in service available most mornings * call first to confirm",(60) Commercial,2015-01-26T05:00:00,10341142,,,,,2425 Bloor St W,former Toronto,M6S 4W4,"{u'type': u'Point', u'coordinates': (-79.4834551242, 43.6491834214)}"
33,1111,Jane St Sexual Health Clinic,"662 Jane St, Toronto, ON     M6N 4A7",,416-338-7272,,"<a href=""http://"" target=""_blank""></a>",People who need sexual health services,Sexual health clinic * health professionals test for and treat sexually transmitted infections * family planning services<br><ul><li>birth control counselling</li><li>low-cost or free birth control</li><li>emergency birth control</li><li>pregnancy testing and counselling</li><li>rapid HIV testing</li><li>sexuality and relationship counselling</li><li>Pap smears</li><li>breast exams</li></ul>,Drop-in * no referral or identification required,English,,Tue 1pm-5:30pm * Wed 2pm-6:30pm * Thu 9:30am-4 pm * closed 11:30am-1pm,(50) Non Profit,2015-02-05T05:00:00,9446362,,,,,662 Jane St,York,M6N 4A7,"{u'type': u'Point', u'coordinates': (-79.492399172, 43.668030912)}"
34,1112,Ryerson Medical Centre,"350 Victoria Rd S, Toronto, ON     M5B 2K3",,416-979-5070,medicalct@ryerson.ca,"<a href=""http://www.ryerson.ca"" target=""_blank"">www.ryerson.ca</a>",Students and staff who need medical care * valid health card required,University community medical clinic * health professionals assess and treat minor infections and injuries<br><ul><li>pregnancy testing and counselling</li><li>testing for sexually transmitted infections</li><li>Pap smears</li><li>breast exams</li><li>sexuality and relationship counselling</li><li>immunizations</li></ul>,Call or drop in * no referral required,English,,Mon-Fri 9am-5pm,(50) Non Profit,2015-03-11T04:00:00,7730108,,,,,350 Victoria St,former Toronto,M5B 2K3,"{u'type': u'Point', u'coordinates': (-79.380479826, 43.6577656355)}"
35,1113,University of Toronto - Main Campus - Health Services,"214 College St, 2nd Floor, Toronto, ON     M5T 2Z9",,416-978-8030,,"<a href=""http://healthservices.utoronto.ca"" target=""_blank"">healthservices.utoronto.ca</a>",Students who need medical care * valid health card required,University community medical clinic * health professionals assess and treat minor infections and injuries<br><ul><li>birth control counselling</li><li>testing for sexually transmitted infections</li><li>pregnancy testing and counselling</li><li>emergency birth control</li><li>Pap smears</li><li>breast exams</li><li>immunizations</li><li>travel immunization</li><li>smoking cessation program (help to quit smoking)</li></ul>,Call for an appointment * no referral required<br>Drop-in appointments on a first-come first-served basis,English,Fully Accessible,"Mon, Thu, Fri 8:45am-5pm * Tue, Wed 8:45am-7pm",(50) Non Profit,2015-03-13T04:00:00,14199679,,,,,214 College St,former Toronto,M5T 3A1,"{u'type': u'Point', u'coordinates': (-79.3968977191, 43.6589181863)}"
